Battery_Health,Motor_Temperature,Brake_Wear,Suspension_Stress,Tire_Pressure,Past_Failures,Health_Status
87.49080237694724,43.767857660247905,29.279757672456203,17.959754525911098,32.93611184265462,0,Good
54.52384108974988,46.45209030420499,65.98528437324805,48.03345035229626,30.83229031118418,2,Warning
51.635935791785904,63.04996930667062,68.1565812704725,30.02336297523043,31.96884623716487,1,Warning
58.8230250458266,58.11891079080595,52.95835055926347,38.736874205941255,30.44741157888952,2,Warning
80.93331326427231,44.34388797103648,9.31085361721217,2.718193035984624,35.710316055998526,0,Good
24.916017659419346,109.32923543227153,84.0028867974394,94.39761626945283,21.565228155992255,2,Critical
81.30103185970559,43.722138431333335,38.625281322982374,24.251920443493834,33.827682615040224,0,Good
81.95344228012767,37.10582566280392,17.606099749584054,3.6611470453433648,34.97106146066762,0,Good
80.68777042230437,42.73301005196955,10.351199264000677,19.87566853061946,33.87026645653646,0,Good
65.08197261415651,58.667756983581995,45.54563366576581,59.08753883293676,31.100531293444458,2,Warning
25.41085920407076,107.06635463175176,91.81815987569263,73.06163075223341,19.697547564891792,5,Critical
11.763864267510984,83.01321323053057,81.66031869068446,70.85396127095584,24.088537655582797,3,Critical
47.644956983301384,94.2813699074674,78.2799754606763,71.8509402281633,12.809537964071042,2,Critical
99.73773873201034,39.306119232416435,7.948627261366896,0.16566351370807197,36.892768570729004,0,Good
37.56743641005707,99.1602867216395,93.13811040057837,62.96178606936361,16.093917385252634,2,Critical
76.53383059076964,66.25096444474498,53.483520224146105,32.862303494712336,29.483273008793066,2,Warning
22.682149559043133,99.18424713352256,89.12672414065639,95.48850970305307,18.02765372775314,2,Critical
47.896771720175046,103.95655297064336,91.6518856349462,69.43939678995824,14.353161486942508,4,Critical
30.38658034589777,87.10164073434198,70.76257380232286,64.31565707973218,10.534296156674483,4,Critical
63.78573647228124,59.081889299409596,60.86548259278382,34.17994363217627,30.417669517111268,1,Warning
71.9109830177484,50.719954137290564,42.30939729486379,38.69254358741304,28.64488514901602,2,Warning
68.10626739588,52.39084214594285,43.16482779490812,43.69603711448731,28.873761748867334,2,Warning
97.85117996979956,33.48355604789127,32.2976062065625,26.8827389977048,33.90802084983118,0,Good
53.191505811302626,50.69837906354854,52.81323365878769,54.54044297767479,31.442922333025372,1,Warning
83.29311706285884,33.35223548438605,19.393198854359326,20.77308098670811,33.61647400279113,0,Good
19.520895367663194,76.73164168691723,76.56292658719211,82.32408008069365,16.865214907986694,3,Critical
78.18168039890786,69.06118237355278,47.553468874760924,44.91745517677156,29.203513239267078,1,Warning
99.95480970097884,26.669525356882126,39.064598233306114,12.331110399546938,32.19830439740329,0,Good
60.007066192773806,60.858783617534094,60.421163546643,45.92803749951409,29.791132658292366,2,Warning
57.01960287383351,61.80338868514696,62.84858845986153,37.12912631977199,30.912865394447437,2,Warning
63.63871839893511,69.58557852237107,51.96473327333659,54.49295619658152,31.193380499938204,1,Warning
86.41560129943471,24.662962759996354,1.6310056621905566,17.726788295647253,36.065386171053696,0,Good
80.33175657855712,32.802326457482025,9.059831007917518,19.355183712283495,33.04619857402995,0,Good
70.03719440497152,54.66838365751343,68.10189966210203,34.1256283243798,29.364265404201035,1,Warning
56.063077001393694,58.53619934568914,60.87353198035247,36.85650065391899,28.699819708383746,2,Warning
31.65283165237903,91.18602313424026,77.25556872701355,63.72411071223597,25.252667885206556,2,Critical
75.59645395249085,49.71767770853448,48.36614057776546,51.010734899183134,31.386644568953223,2,Warning
44.59637054633957,101.19502183430495,89.26094938462863,63.365598599801956,12.747688139608435,3,Critical
69.40065938671263,59.51716553591137,51.16848299685229,58.20400327373335,31.89465534702127,2,Warning
54.66343349110746,58.71834473416465,60.7568559307808,49.55883778507801,28.89707723784224,1,Warning
50.524185544850106,57.34734287958587,45.364681276639864,40.9940635374858,30.97668209222625,1,Warning
69.07077387670995,59.20771508338679,42.81024303484278,41.031474091783004,29.060809470726902,2,Warning
33.00496305486121,109.15571433100035,84.60226458878365,96.24395150874216,17.38470421367729,2,Critical
64.57647570005057,59.422597115658974,54.77553081456592,35.857289633941335,30.889808461046023,1,Warning
66.5881217770663,64.21385035765772,41.30811315263301,59.83651532392023,29.879778055963772,2,Warning
98.29728780440897,29.25396750638611,0.6182646611546971,27.849556877631763,34.56910488990388,0,Good
47.69953794270311,108.54479908357011,95.5902836640208,71.77795568278343,16.546661386232728,4,Critical
57.78577084981455,57.13199685690789,51.18060601282148,41.84074400428417,31.376852562905245,1,Warning
32.23238563348524,73.88705975083074,88.45021680097508,99.60215400417053,12.381428259020907,4,Critical
58.563427064149224,53.063769105965015,65.46009384774024,34.098639943260864,30.835643987640474,1,Warning
85.87183688528987,40.23402888696284,32.404535787167234,26.012169557403112,37.47944331533883,0,Good
90.22684797721875,32.53790736717999,31.931807158671006,19.498917923332954,36.21180126354622,0,Good
95.91585338872201,42.250133545439155,13.519806274061432,11.26748857919832,32.56389163904522,0,Good
91.56560281992348,20.898556844918552,18.623920725298404,16.2793390412273,33.719247512769705,0,Good
67.1341645565013,45.762506248476235,41.120445662476435,54.67801681978975,29.440762565645052,2,Warning
86.53302483592081,40.69672509468972,10.861716632789676,28.957554911723093,34.74359096968237,0,Good
74.41866917534746,49.85950084987183,52.34061715170036,50.98536632301581,28.553412369671207,2,Warning
99.5170415892507,32.907508707529885,12.918258917649839,23.85558584306111,33.62499350757245,0,Good
88.77942841411272,21.961409533556647,1.0140297366183004,28.87945244033775,37.01588072307324,0,Good
37.14299403765422,86.3581177765708,75.19882960212537,66.25748170684344,14.25412926879812,3,Critical
81.87746580162583,24.571649927682685,37.38455989358839,19.148117815300512,35.1001775445594,0,Good
69.05622852650484,55.891822466947275,61.90117949685455,31.431483830749464,30.264148841976304,1,Warning
95.15692220928739,20.359837215743898,4.642905620276649,1.3800792606525825,32.24437281391382,0,Good
43.362962776429285,98.14631437520094,84.22521487261976,63.91336642604006,18.35746987698615,4,Critical
60.04282531159262,56.61684532349028,59.4932104792829,31.441767725911014,31.796582926365545,2,Warning
11.766856381109736,84.98450458505884,88.7757974714271,80.12545034320351,24.56032730020148,2,Critical
36.6745870065275,94.63404657559656,98.31674813682271,97.77006388500669,24.742381870435064,5,Critical
98.80460482849915,34.386854446896976,15.526797048260876,19.298646553270594,34.7495173429491,0,Good
31.279054783321463,107.658592351061,81.58307913402322,98.44762255295657,25.390960913253082,5,Critical
57.94487269231288,50.364727992709355,51.317772496839275,31.16889396930701,30.47301553735157,1,Warning
12.77635728994893,82.75902521175045,95.34625932908364,60.93087742943303,23.845964204011906,2,Critical
89.92074908586812,37.32225896729848,13.933464178127895,28.09944455567122,32.23511796005388,0,Good
62.12043491975179,69.1895137880062,56.439156497442625,42.704128269243554,30.274081134999832,1,Warning
48.629700538026256,86.50470707645707,81.16054257378349,91.05651842967987,15.793660184301302,3,Critical
91.23733384287547,25.964921494758507,27.193791196009833,22.197262813421236,33.429416914423875,0,Good
60.95413769911255,58.35818683826409,54.896835720492334,41.688542586576105,29.190540698037243,1,Warning
87.78403357468326,20.27094128700746,36.21527905677055,2.7386003035840067,33.91588182554249,0,Good
47.05241671498139,108.02428587750225,87.20313664369858,85.27348848679196,17.623573873631436,4,Critical
92.04881851802239,33.84257630864502,8.509115800969159,28.385836286450708,36.68777630282722,0,Good
82.26929204034896,43.27322764218231,38.96992834137641,29.877937260909874,32.3352269280641,0,Good
71.37403114693926,58.64789425412472,61.17494451636084,59.059558319224045,30.752120040700156,2,Warning
92.36436126632522,22.528066903069757,3.3642722445998974,21.0290739437736,32.43657803818516,0,Good
73.83394171942032,62.65605567891241,42.44046341925699,32.545131422555755,31.9465583140047,2,Warning
75.03101713768112,67.00899921596042,47.10055581046236,57.23081119045639,30.367554955285136,2,Warning
60.911527980396556,47.08751791746672,63.3144074778231,46.75212749207415,29.696888036987904,2,Warning
22.879848631744842,87.37807377953085,77.61046521619416,76.20808347125669,19.71504142848518,5,Critical
14.633898734454805,74.7010498710842,89.4763090634819,89.84179517061693,19.917269006651715,3,Critical
88.0044578574405,31.942872272005694,3.315652867734169,15.851103638916275,34.618014989639335,0,Good
73.26116822177529,69.44751671885678,56.680151159277536,39.68059164832751,28.173603133192692,1,Warning
99.85929592238601,21.84491411838497,22.15417137605283,29.07907606857297,35.13858706502089,0,Good
68.25256050592262,62.39371722461543,53.636231943033195,48.8267424025219,30.3372572476924,2,Warning
94.74201411686039,42.88135854172766,38.34809629631385,1.7359169327312218,34.367130791648776,0,Good
53.09592591214064,53.39150161992408,45.09039711686697,49.40545085006171,29.553073535959488,2,Warning
66.92602724367529,46.94336592412462,69.231844229985,59.586322334388086,30.79264685607898,1,Warning
85.59527014337891,30.280168021804656,24.11127528093194,8.128729275453896,32.799110751342496,0,Good
81.52400759198326,43.51329567838459,16.66556230953917,17.434878635424788,37.51505931101336,0,Good
13.227188381376939,105.06645943703171,86.5476361763221,66.59337044548003,16.991336981951275,3,Critical
41.61157990049148,109.49104517259778,74.51250673310585,83.7652286140854,16.475144562727365,3,Critical
74.04576240048891,59.22703672914369,41.90535488770004,31.10465602907974,28.535408475202534,1,Warning
81.12750993301854,41.61805940637633,32.516040365203104,29.991530198583916,37.97982102244343,0,Good
31.66183651850247,100.75949660722043,98.34297189647285,93.98589562709645,14.20491772963436,3,Critical
84.10090657013049,26.28606098779496,10.989271881036352,6.216829470241693,37.26932400487515,0,Good
71.95297483299463,46.1724116947805,48.06017446075922,30.66554226090905,29.99266074658357,2,Warning
72.39723336033354,58.00408752779983,65.5654450095562,46.55720516323457,30.243751886141546,2,Warning
40.88089573931568,93.59823588550545,84.40137901055425,76.821431146603,23.339360487053263,3,Critical
94.08159536198447,25.32410403772277,5.4548590234707905,0.43633997003645786,34.10352535283958,0,Good
33.00678978733069,85.68976180398928,83.12424766071187,96.16634777974994,15.920342939396106,3,Critical
63.076402975067026,67.76178196008183,48.93878354625851,45.708068280450334,30.790567485973853,1,Warning
82.94146961858075,43.16469062903736,19.684651723181528,7.747331648968751,34.75481453742957,0,Good
48.22127043613361,89.70472375971478,79.86254830862525,85.33603417266903,14.082475519229282,4,Critical
65.58063908470803,56.5029789745893,57.542983178474614,42.00901466730844,30.790670294787727,2,Warning
17.093323291566648,83.82669133295452,96.90365229718036,78.95846561051489,21.348481554857464,3,Critical
67.45612647068785,50.596226647658014,64.65371910533348,40.3524788346716,29.390476857930736,2,Warning
52.57237347895461,48.01589677751502,53.823363040981775,36.19001155217377,29.457079444192303,2,Warning
22.87388101909606,82.86331058720116,72.76871758686238,79.24581576225172,21.69234019063341,5,Critical
44.069566340164315,106.83489602127253,71.83233879564591,71.07510592588815,23.705421756482043,2,Critical
67.32106438540748,69.65642489667039,56.097719379619974,57.72125277322299,28.944466132469618,2,Warning
24.387631943221123,88.50138864532592,92.4241281440127,61.467328115623914,14.291428053848353,4,Critical
36.79945471072991,103.77762690534516,92.48848696025762,61.218886109343764,24.742654678270295,3,Critical
30.772073391745902,79.69882014538919,78.07729692848143,75.0913665241849,10.341210362221348,2,Critical
42.787689449239316,73.56817314848224,86.0600669204657,69.32865646199205,15.829756692730424,2,Critical
93.58204638288979,39.729280965183456,19.93768795716229,2.6076086426227105,35.222639250911286,0,Good
91.73682236041758,38.63598685460825,17.266381849187177,3.827409083866913,33.70265543479235,0,Good
87.26164592797271,36.147931033290035,22.831132186756477,10.682901776935388,37.91909149275788,0,Good
67.56746976134973,50.930669793399865,43.05347417861211,34.58577417552996,28.983830913538032,2,Warning
43.1818831956097,73.51550498160576,94.1759466022343,62.22613957427902,24.319338600069088,4,Critical
90.49022779140509,30.259920674741537,39.29514467634426,3.3611670650415704,34.38713359427445,0,Good
78.1146425649857,66.6376781473495,64.5121621284784,37.7370848113482,28.683550349560264,1,Warning
73.80498272144723,62.96143177091384,56.051101961347314,44.29858452379236,31.354330234810497,1,Warning
55.42426870816818,53.09198091010609,52.7630931584925,45.22831136053365,28.96963892966032,1,Warning
37.581973730133335,100.71118005771355,72.61870538769027,80.24415825437387,25.84424381836788,2,Critical
90.65178865103172,21.295588420560673,13.464171127756824,4.032440308169227,32.3802498228366,0,Good
99.7992046477989,28.058846124368074,32.3949778341854,7.6392196429129156,36.08901633334358,0,Good
39.64888653569778,93.82554962431377,84.14728565650475,76.47363656589074,15.93076053123092,2,Critical
74.67109634047719,63.64936313871795,52.255548788077505,57.98814201299864,31.96371790582956,2,Warning
17.068089580460747,72.65985069467109,92.23361947870177,82.97892452719648,24.311089204890624,5,Critical
42.289694599922186,100.02007699061254,93.98611392758546,93.0053070677119,13.16888477539845,4,Critical
69.2907194001898,58.076635619227986,50.76491452370507,56.31601622439325,29.569780429690542,2,Warning
27.62599545066253,98.55129819421305,96.9900233587652,84.9640617672735,19.17627805254876,4,Critical
29.606095213606686,79.2885078058727,96.98723719823705,75.35564885492846,19.240398638937805,5,Critical
56.64173633681909,58.571232765335225,52.94584429409328,39.98447357737453,30.922196547237206,2,Warning
82.78544145326775,39.8506297317574,24.80291023714054,16.003832759289647,37.363355498305744,0,Good
40.755291237756694,76.06699518931005,79.35166203386645,69.93956559257863,22.647086973735508,3,Critical
55.93179320191444,62.851602055590355,54.81944461392588,52.6390587558035,28.411664122976582,1,Warning
14.314637741253081,103.85809166938073,73.82465986995948,75.89149162241469,23.554021218252412,2,Critical
89.72714963991216,30.22387942713733,30.8752792239298,0.3660921695413355,35.59065620723136,0,Good
91.31016694645947,37.904476868323805,23.96117459109306,24.80396483427235,37.75444876738417,0,Good
86.85048514357086,25.683774575749673,16.943874496819316,8.637888494271785,35.68970157891593,0,Good
98.23704817685929,23.477904853576547,4.03178412063546,7.680465955609867,36.356573516374404,0,Good
67.19592425250582,47.55531660562999,67.5625156678224,53.7025391137226,28.09209041915055,1,Warning
83.05078085828522,34.407209004170326,24.268601855314238,12.72392013907158,36.418665413748336,0,Good
98.6873402953803,43.13921282266941,18.033574856165284,3.397141375222658,37.90904719377401,0,Good
42.71702537139143,74.98650724813068,97.62525647852117,94.79585448248514,18.820246971143227,5,Critical
33.70788135797609,85.17222793542196,92.32748955529867,68.2231923350255,23.39242810814637,3,Critical
23.006467695954623,85.92674774363773,86.12186808813769,96.79422465651042,15.887881904221342,3,Critical
89.61673956178147,42.96136812348253,23.48272896546269,0.9854001073031504,37.476496777274775,0,Good
57.19856683995741,59.44079885228868,44.96539952283921,31.01637480739785,29.24589268453103,1,Warning
66.83706215806326,60.80660719798826,40.39283369765001,49.906121160501314,28.712143867479007,2,Warning
89.17977976034027,33.932634222251195,34.425280715629356,16.052091568009757,33.10677722851314,0,Good
21.684240558892604,82.39747705074444,81.91954346372793,77.07155621346998,23.59629437526258,3,Critical
84.10279280964015,24.767193016591662,1.4619867139237952,14.162008353299978,35.389046799575695,0,Good
81.31417278856705,39.38819041737526,18.131553389921105,15.731708079827401,34.64457648162937,0,Good
25.629759374137713,92.38561325232871,74.65720737792138,67.27712521981084,24.650355557229794,4,Critical
39.37660260915058,80.89207418881197,96.92291229456653,81.06313866637174,23.61274611526406,4,Critical
16.089951297281424,98.6388891538959,89.76771825730454,61.083839700139336,13.77352675286014,5,Critical
17.64841088804466,90.22031516424136,87.85146939101261,73.57084983584764,19.680539801979506,4,Critical
93.0549221570375,25.954569526168164,3.9776557103738064,7.295165729983623,36.333601591133956,0,Good
43.372162256145145,103.20879458267967,81.91550588855364,86.72340546282584,13.484733022068957,4,Critical
22.635612383165185,73.47700059801397,88.99722324732882,89.43618452784008,24.41817762293702,5,Critical
17.075981968502095,93.32166243878768,82.64273651777494,95.706868443079,23.896540549553496,5,Critical
86.7173171429967,40.62768328556649,14.522368487803622,1.0268433246158737,36.983927039391496,0,Good
86.90384289762551,39.34586308003351,14.510315786637818,25.832040599241648,33.31706315048575,0,Good
48.007343342755924,101.19035099152123,73.4271377776119,82.63106479866242,26.751244308109488,4,Critical
95.99710511894631,30.630337611730837,0.8987723328046959,8.060320781548382,35.2498052879652,0,Good
34.70565057321974,80.31550741732809,74.18068222218473,93.39720947197196,26.734837071960385,3,Critical
76.11659673585518,62.28054644024136,60.49551569336444,54.67751627735022,30.118646714620326,2,Warning
91.53032951028507,26.85138051718015,22.167120100631735,19.542611650555926,36.97845082224321,0,Good
55.986216881057494,45.27489571646201,44.10656890206422,57.00055925544315,31.49556031025006,2,Warning
57.27118915628633,60.82745158393619,54.82821550414814,47.19883134538202,31.352427852713184,1,Warning
61.11101731923543,57.97294263207094,41.40897900325165,34.98850106268238,30.95213446570548,1,Warning
52.61977185675063,64.27464813838697,42.04749116062275,55.112369721090886,29.748773585428975,2,Warning
94.3809181036849,27.428042890579377,22.656185611875888,14.28151206597299,35.98202699217589,0,Good
98.73659478649516,38.31430243025626,8.597615143630271,0.9354940518385402,33.57358426579895,0,Good
91.9015586140051,21.28564533710626,19.854649888049455,17.905285467506676,34.00546334490176,0,Good
72.35645390862884,47.664956328344296,42.254133452074264,51.8456626861081,29.981965264824794,1,Warning
67.35029568977649,56.492037819028276,42.27800231108866,32.33296032236871,28.009357562503112,1,Warning
85.44290274459925,34.75576667172717,14.438955877601071,2.7474621997990245,37.503881452773456,0,Good
82.73637261837922,43.75593384552006,17.84023091831823,5.553987865158589,35.251405684270146,0,Good
75.31542924041584,63.305622160239025,64.1968344358435,49.76350100132152,30.76910625807141,2,Warning
99.61153600359977,42.584095315900626,25.866596764686534,20.79525634370774,32.30957483995226,0,Good
69.42760647195114,46.10413594275251,57.64791270909793,59.980604986975045,30.22322632574872,2,Warning
45.704043605933634,71.35783914343196,90.9226080174052,71.89396029490203,25.714735321401015,3,Critical
62.23111713218486,64.88354594897743,62.35193644360661,31.646478439394247,29.820574740144625,1,Warning
96.57830948301356,20.925190867887316,23.85079513928212,6.900265118631092,32.723401314663676,0,Good
52.231642847247066,62.407219396953494,50.196248913041984,51.74300314586284,28.26142536319577,1,Warning
73.31533240262603,58.46003725951969,59.84965525241624,52.13567300719575,30.080672439514927,1,Warning
67.86003245728683,50.82398686884085,40.73202344669614,56.1029662170279,28.085077643401547,1,Warning
55.378714377724954,54.59909724799314,67.97769728275759,32.10089117242413,28.037941734513993,1,Warning
72.24846037900268,55.04827284023105,54.396268609117264,48.8251638965511,31.494708456745354,1,Warning
25.533207975049788,73.6679734044572,80.09111391485266,80.90076766538093,22.44862072213897,2,Critical
82.20948226262789,28.865553941019414,11.48955966616327,8.889243613679703,33.40164650629946,0,Good
11.641634395818114,70.71495738933655,99.63167169208094,77.1109253494345,16.533553001714587,5,Critical
14.853064734577398,108.256627902377,93.93967966430151,70.35930606407254,20.005421892545172,4,Critical
97.58236615124329,43.61830055728525,18.69606044999479,18.40234167632123,33.002203676552455,0,Good
78.74389015797232,50.79179253458609,68.28195322405377,49.48939946977106,30.430947179515435,1,Warning
82.40677524069991,21.173633928695324,15.363624459649984,1.1019581227984088,37.74362157789995,0,Good
96.52411391587933,40.01924217824688,25.191116919846124,6.489720691096606,35.109562200058356,0,Good
67.32094810047988,58.12578752150671,47.80700103854582,45.45743772944178,29.964745363474506,1,Warning
54.4629812838558,65.39582812476544,46.73321715509982,36.71452844467869,30.147897691573654,1,Warning
97.8984288245568,41.50317041044809,18.29728391094829,11.735092982411393,33.63775624913789,0,Good
89.53353656660737,21.10941658833092,34.08774133388031,1.062671052556352,33.974308192219226,0,Good
77.0160951612507,63.38031636308632,48.4417288173258,37.57947281882655,28.020328559272105,1,Warning
94.4684022737717,32.396893376969274,3.2418486363059174,6.6054960584943405,36.099552581957575,0,Good
81.522617189806,41.28017285121922,19.805861080558973,14.417597319799441,35.554446707957105,0,Good
96.49361931850298,28.695230197554828,27.120646102362542,16.97195891987373,33.60216962101653,0,Good
44.26656946785116,101.89704086427713,89.75355503975277,94.02326916376967,24.744001416316642,2,Critical
86.68017757490476,25.96725078252544,37.203614020389544,3.17502281485752,36.19394442823753,0,Good
83.78443079570012,42.040928319258754,38.4526115273963,13.964100263099507,37.27442888136879,0,Good
80.10290341509429,40.49867293520251,9.14500646099694,27.261039278081036,32.006720668880654,0,Good
91.12363470079514,38.915895094623366,10.347533227916319,5.793985937618792,32.504589346807904,0,Good
86.52867153006586,33.99610780772073,4.633754271210306,11.300860859603963,32.05443442791635,0,Good
73.74170319449541,48.21121795232978,48.50028844796745,30.552831562146523,29.728963135570048,2,Warning
23.333014475508758,95.30487572535793,97.96084316530053,64.10038911962717,25.932884283019668,5,Critical
95.4170821708198,43.682447206408455,6.6551034772908935,23.129528775964065,36.25143202761578,0,Good
28.46938164896845,72.31681842235193,72.24083253273562,94.0965863679459,26.832522336761,4,Critical
99.37755710571383,38.741295793573116,5.203449605225279,22.74789587787068,32.14752149875281,0,Good
80.44247103057995,28.09025547873853,19.545727616186632,23.112222534233798,36.09977225963903,0,Good
62.9311784849257,51.840666657041645,69.91373500473134,42.78543906707919,29.805548097318702,1,Warning
65.283698790144,65.64801914499742,48.95123292969978,55.19841494017416,31.09129112006722,2,Warning
68.98082521415293,51.83148817495523,68.5259068675123,34.531736753427005,29.729339204170408,1,Warning
45.471455926964914,104.29440368369995,98.93561416810626,90.4037631375239,17.519078960475476,4,Critical
25.96402624628668,105.76396814716537,76.89863817673259,68.52418816100334,10.529279409036693,2,Critical
70.73279716586518,59.06875715858457,54.14597380307538,46.296984173698746,28.63698295311706,1,Warning
97.37246335911222,39.41492131979354,30.83687378576208,25.343496843506628,36.56614394565799,0,Good
68.16038932731105,48.28112194205969,40.975785384737556,57.6254354344706,30.466601258082953,2,Warning
89.24194581531322,20.030795879160646,23.933090604897078,18.219193447880137,33.485239733620254,0,Good
31.77809423074472,79.02160569774942,74.8247640723457,86.06077867209059,15.540732887185273,3,Critical
95.95118201274376,27.759048973089342,18.20880596327205,0.34861619724301907,32.434681326767354,0,Good
87.8498711281337,31.998470867928088,24.000821924772147,8.749877361279097,36.169891316759255,0,Good
74.94354951848693,64.49627472233374,41.18856476045072,44.41520841773487,28.4197207136727,1,Warning
52.9809797302873,59.27261254610411,40.5510291082162,44.47069144654775,28.841398319675474,1,Warning
31.82629865598965,70.39083389676735,79.79383924731975,80.70846573538846,11.493730485462168,2,Critical
13.21783284317643,102.98056187587335,80.73404052784814,72.88378808877341,26.61692856735136,3,Critical
69.9944841049807,65.01466747772707,46.0045073273443,35.024477467772094,28.418271361337602,1,Warning
53.60237903511372,67.40553256712596,57.84329912130808,48.49813745587422,30.451776699462425,1,Warning
37.653360258585735,104.83876494984342,91.42260796397284,92.06912332279168,15.770653273227703,4,Critical
89.68796895148081,36.52050295748127,22.12005810367834,17.924275878957904,36.70299532051317,0,Good
63.94621111202056,46.01885265231182,44.91998442968492,43.15821649468615,30.899306239496234,2,Warning
57.165993786294244,48.988617002829706,66.15350699776604,36.57641962074133,31.903461023276524,2,Warning
94.88558131189912,41.79581947432803,17.346213358255554,1.3098497312208357,32.97003526488081,0,Good
80.41722278583076,36.33157548093325,13.292585014204356,16.274359071581024,34.959661080702794,0,Good
13.179533092544641,86.13045444495327,76.6168337476697,76.73599154670612,13.460830765818125,4,Critical
89.25245913478632,41.706812635209516,29.086762790652323,22.28119563599943,34.55296000668845,0,Good
86.91869985093926,29.27596907461507,39.505982549442315,1.2032757423744744,37.20218897673469,0,Good
32.568340934323345,87.54461676758362,91.7577298124541,79.46675765698811,24.84819504738823,3,Critical
40.92528768961963,96.20037355328435,99.76399949022017,71.3541811443458,16.105567504325933,4,Critical
34.29569675897583,95.26240880370082,91.99339067245843,65.2627074050904,22.169024399595507,5,Critical
92.03710767324017,35.813513330657656,14.913945487557378,15.378456156174154,34.47818704788618,0,Good
81.38265572373238,30.929134720420663,3.895735702142087,12.150623972409646,35.55751039899069,0,Good
91.58829798687002,36.56553197520801,3.8104603181850516,19.563697365913136,33.87288834017868,0,Good
61.57233243797622,66.44965634806765,40.27091212388651,47.65237900021816,30.39485592040043,2,Warning
78.1248103072778,56.34473853459098,47.081513900393915,32.20490241990038,28.679031620350163,2,Warning
27.502325379424718,96.77561605837445,74.37269704734256,77.9773534085495,19.99403430887658,5,Critical
37.56431145853239,76.681676316038,75.02857648864953,61.46685707734172,22.518834256115888,2,Critical
30.806965086688127,101.27161319380117,91.16156782336611,77.85474586050341,24.69167502046087,3,Critical
55.96939509106628,47.7979904849432,48.092488345509686,31.712605682679445,30.124678112004126,2,Warning
81.03393674483054,36.000074170922844,8.9880470789072,5.400313124181705,32.53133350533945,0,Good
82.06617914248031,34.61676751106472,27.52831463466382,11.92136965393203,34.87938248955244,0,Good
36.75274170333638,70.69519160741919,79.69391971210835,98.92390992281386,19.861907904822957,5,Critical
64.95228482879826,57.22116450642301,60.005927726383135,34.18953764268939,28.11989435949071,1,Warning
82.87084724078785,43.495494798171045,29.31595673365367,4.8714568398696265,33.13009450259361,0,Good
71.19405477125541,48.90409611980435,47.03683880004486,58.90040498461197,29.02122609891373,1,Warning
42.686496296276296,107.78456877896093,90.49744084868938,79.8869905603371,20.503403083420636,5,Critical
75.07365624269606,64.21298411309478,43.393294572297194,53.8653111508921,31.67471118797402,1,Warning
18.41133094351097,96.35541880930629,81.81593216962476,86.04931908165969,11.812081515235842,5,Critical
16.2122103644694,94.19815690762164,79.54334660854359,94.65754670110582,26.886727935096683,2,Critical
72.68917903768993,59.1754065246667,62.153476277539795,56.35546683904043,29.61656128660413,2,Warning
46.10131840434776,87.5268938564795,97.04126948765332,95.11564636165309,15.392327185011776,2,Critical
96.35668432350043,23.00522638426521,21.779563918433983,0.17275981494364712,33.947514979401625,0,Good
87.32923069742796,29.904317290231383,27.81868826759449,11.656743038110372,34.69216173573518,0,Good
84.75088261748655,29.3312947907335,9.090785090526058,2.195877713053309,35.620691560288265,0,Good
69.37817115809547,60.48725865024036,53.90482131401717,41.3935734053769,31.453334598287302,2,Warning
74.56785347980465,67.85591289878676,64.41298864958759,33.26755025540194,28.59596742388078,2,Warning
66.82499870759264,58.340063668171965,58.23715278380334,52.94649784626385,31.251942954864376,2,Warning
37.9041453768717,90.84936529941338,94.67180256451175,77.23448366152134,25.24414292728208,2,Critical
97.96061097899974,26.087057414407482,37.081381791852266,1.8080217086868255,37.606616160833084,0,Good
23.71328480234574,74.05683313796867,84.57615277558978,70.27106270882032,14.84283933335269,4,Critical
46.25462921945758,91.2904085335616,87.42796159788394,63.585053566197686,22.199808360446703,3,Critical
85.45248001467067,30.33872753813379,4.875443733477902,5.4344804860404095,36.0867071237899,0,Good
83.62876695391253,33.1290845916765,28.36185046889731,3.206307692842315,35.403873317773424,0,Good
20.005948564353186,108.5170750095032,84.50636940159774,92.23970199100633,19.35385121665645,5,Critical
90.52998388307562,22.80760861028048,0.10336059379929541,19.13955617379893,35.09105102200239,0,Good
91.87077138246295,39.84359625951291,25.864236536914404,5.243203284821315,34.1646351146636,0,Good
76.27084203884505,64.24861750629198,56.69911173810152,37.669349934278166,29.20824200733918,2,Warning
73.85581523689667,55.59345634121907,60.02649697874411,32.86605941504005,30.495437298706292,1,Warning
62.29439957448576,48.824595020714064,47.05706754405954,56.07778873953158,29.891567862532728,1,Warning
13.732867665286307,70.94554344185346,89.25914501329798,84.28376144355123,19.29385601613919,3,Critical
20.018470058182878,95.28061944081674,71.75363842325662,65.67097574108408,14.667184318002132,4,Critical
70.15919206738022,55.10796920260731,52.84598844776844,51.52793296974529,30.76974460529748,1,Warning
86.82180048948442,40.46767642798082,24.12877640853489,10.116813982662611,37.433148753978045,0,Good
40.13228637052592,80.59581788946934,89.3586951257715,83.83002912755828,16.820194538662705,2,Critical
56.573035664582655,53.87490764579843,42.0827152823828,45.57179372724811,28.27045025436886,1,Warning
81.39863211418869,36.00420559570415,10.845897460007393,17.78435974960268,36.080791586620705,0,Good
19.00233837700647,88.27434579521474,75.70974588457203,62.09355503146033,16.434099199259776,3,Critical
91.15566834740049,38.26626275598115,18.608224491348725,1.8042702780235564,35.37378089526746,0,Good
47.34738609570983,77.01211769430638,90.70014672461997,68.03734754636226,19.109070636042382,3,Critical
62.257984288489496,65.54516109752717,40.037100392782285,39.02559325059765,31.924945497377216,1,Warning
76.88815676490412,50.866052046386336,51.97947747427924,34.57248039991252,31.9699340086335,2,Warning
39.97539238675183,79.74626864255467,90.14675330839111,63.717165775175594,14.369803529345358,5,Critical
71.90284219440743,48.19283709088087,64.78202890757585,53.46084263011158,30.834978790971906,2,Warning
53.4118218257332,50.68393250240247,50.25023505690763,41.427285765329614,29.385287074356015,1,Warning
31.598287387782676,82.22097242632094,81.9094455122285,77.88810162019342,20.210103667130493,4,Critical
83.23528422704219,39.65689891892736,22.983495292710664,16.997260865142557,34.34625657834905,0,Good
29.54496696809838,85.88715109716844,86.19197856279828,85.11800211090544,21.463164708953823,3,Critical
97.361133802149,40.14813500294053,31.601217452282455,9.140374172941224,32.485515698307516,0,Good
61.68642518418968,49.33811287466272,60.848532667073854,40.38299179613357,31.90244080343966,2,Warning
98.6546148095251,34.379083762415625,19.17417760551407,9.411830735822882,35.638225666600256,0,Good
54.03674271390837,67.45654068231765,64.87997215423852,39.525943436302114,31.811190110405178,2,Warning
15.708585694327716,84.70137689166125,72.04516928156481,61.03247627797948,12.297826915631987,5,Critical
52.31899643641976,64.41809076179231,43.66105156373185,47.82872251685324,31.745796695534644,2,Warning
88.7902337726582,22.6416171065436,25.633052587608248,6.481145475287988,35.71752772938698,0,Good
93.00402184796306,23.800621328216202,2.4539850844267264,23.422847582053194,34.758802542615925,0,Good
12.268388024713555,109.79465268679068,71.733416829891,87.80140915434212,26.72254172947803,4,Critical
54.949277997949956,46.86574535842704,63.48088122232448,37.96162227564584,28.711065551404992,2,Warning
51.80646214577182,57.73555320374474,69.9009056155893,54.41910808518057,30.460877752924045,2,Warning
83.47505191324589,36.39309181404141,33.92063540997606,21.729524090299837,36.75256180256326,0,Good
61.739154443470795,61.35189488429995,50.62708721334324,45.765138659059204,29.92653938613945,1,Warning
94.67228761122804,39.23262234103349,0.44125057714588856,12.484619945392845,34.888064909811945,0,Good
80.38384553646114,26.495330218625856,30.4115929248854,4.113291171869972,35.21186078871555,0,Good
56.24085428849989,45.30301936609733,47.23604372798624,59.27621264730161,31.20614844753196,1,Warning
11.662695162194277,84.85634270600563,77.9755340996294,85.84360493850032,18.48867519463651,5,Critical
13.825220650585539,89.52964548087112,74.50145994081953,72.9870370756024,22.535070315592595,5,Critical
41.61675119146439,94.56325244738944,95.78695694940838,75.69574886113898,26.25577724103212,2,Critical
47.258052773653205,101.4761354502118,79.46220687244038,87.52538824346169,17.439253108941664,2,Critical
58.10166370410678,68.2579721209456,47.591752984023536,53.43511271360758,31.300528783714814,1,Warning
69.1212637439677,67.37794351766341,59.10009046501622,48.41800754280185,28.26660816224276,2,Warning
97.649188809122,22.64233699765685,39.53101084000525,13.298192623308548,32.28698492236463,0,Good
11.482852081260742,99.84829029927354,89.77106602611042,92.0852223251035,11.791248077197702,2,Critical
99.1300279659896,38.43770898647517,14.130056340082566,8.896067438629657,34.0982193784751,0,Good
40.21148771606609,96.45482444281657,75.55586703602404,66.96437341336338,11.672726045127755,3,Critical
42.390843799788755,72.7485133007307,82.72890657654665,63.304706538370745,18.749178971749696,2,Critical
21.522346321619388,100.76892591352535,88.73990706562792,75.27758558611583,13.496683457324437,2,Critical
19.96112590272356,80.42853199679666,72.0776291885758,98.39306072303717,18.130340007790704,4,Critical
47.77106232618097,101.94856766618298,78.78466110102895,99.19881317435403,20.231987023817474,2,Critical
45.891590067556905,90.8307256733685,88.49499180685251,66.26553747895233,10.743505639959482,2,Critical
46.19526197271594,78.98462447375408,81.1650107151254,77.28307531776784,17.46988482480569,2,Critical
83.27367602930603,26.844782687852664,37.13270131394308,20.279468267590662,34.97628703207932,0,Good
10.495880709488848,109.69661601957881,90.1436480468393,72.6768990937978,24.947567219963247,5,Critical
45.83813481194262,80.08964080693447,92.65125786238835,78.4215798909656,24.313975399131046,5,Critical
31.754715794931727,77.22378392701204,71.61574620994078,72.80239330083934,22.80418471052785,2,Critical
46.558134593387635,71.72694943188047,74.94444447188312,65.26915093818248,22.341658469750023,4,Critical
99.30259484253993,32.209853251623485,6.027044308395095,10.271509081006394,34.480498695771566,0,Good
95.16370022153075,38.58559465191523,24.47762021349324,3.1779213767547887,32.909416229526045,0,Good
81.87513841291113,34.429319582188754,35.08553766045616,13.014015367643154,32.965089043746474,0,Good
91.16084650297934,40.293805421642745,29.6684824605172,26.443523390250643,33.66741258349321,0,Good
55.624662150765474,66.99541214854847,59.726809383340694,39.32786790022662,30.969392202290038,2,Warning
67.8635780575452,49.7006183653854,50.661537060572186,53.513753534561914,30.216906056528067,2,Warning
74.59338594279238,65.99909950705457,64.9804140804113,30.330948427873974,30.998181937875554,1,Warning
24.349689300781293,83.07726465352316,74.46664150997334,72.22416861960859,24.90306295107941,2,Critical
53.61670765043032,54.634397076184044,59.30095539735353,53.41199328441824,28.86883639076484,2,Warning
61.35424524715705,55.315546021215596,60.868544394904205,30.09654790812836,30.478357349839364,2,Warning
55.25825911783965,54.69183986875986,52.06981374059668,56.227874118307135,30.0404388499953,1,Warning
12.529290184835766,93.19935149712525,86.84453763878571,82.42640377664684,20.25929033213973,3,Critical
91.98737931325867,35.053641101312024,0.9173124507216812,9.663240126875564,35.818943906294926,0,Good
15.810989709820493,97.81662593312213,92.37775626441024,99.2787676178458,13.56731391255896,5,Critical
30.173493201222765,87.60795991821962,74.42357580118852,73.12771014437246,17.37832922495588,3,Critical
60.771238054318324,46.56355567243421,64.04100747458557,52.9976557191493,30.93446332016925,2,Warning
35.06004278187247,86.84992213176288,89.08532094124698,91.42606472320928,12.011715245697584,3,Critical
78.74266652281781,63.68048969355094,62.199591600568354,58.509382587917756,28.81174547029961,2,Warning
24.127182224439245,83.38045154967729,70.78590125596195,60.96767055565421,24.138849742488148,2,Critical
37.20915447328293,107.18467691502737,93.47745819554014,62.2454441366484,24.496376337887092,3,Critical
97.45460500969205,41.04833916979521,7.444056713851093,24.079299293871312,34.749121320427356,0,Good
28.835786011328853,75.33919889663775,72.41804541271374,89.1175722789506,18.439839590040094,2,Critical
40.42830947377399,70.28116815254477,71.7184075323287,69.0089480907396,12.232939938463414,2,Critical
95.02750172058091,36.42387890667849,38.26458484333832,2.0687404906926354,32.34232832690753,0,Good
58.18342516610281,51.542642093397646,47.409363972159994,57.1876374156311,28.998184799398025,2,Warning
24.477076661709933,87.15547515444155,95.34368308858065,70.72556080382054,12.658490674858616,5,Critical
80.67227200366565,21.566330086383864,36.25749813377644,4.177361133527855,35.1945240936513,0,Good
26.032728501427556,83.8937330503537,96.99500037061817,60.87293587101958,21.284424664985014,5,Critical
53.711658047474,67.0533903570515,51.803435396907744,54.83605125966518,31.150852062110836,2,Warning
38.50201763424846,109.25188361988987,77.69590187332743,86.16698405896298,13.367659756915582,5,Critical
86.76526210664697,27.717468584329882,37.88143950954892,29.020685333648256,33.098092665408366,0,Good
10.859371251602663,98.80032158652452,82.53969801611453,63.553609803502574,21.623819794809723,2,Critical
90.46781822748733,22.869221796730436,34.4055877339774,21.68442909625451,32.40601017140001,0,Good
37.60556879196098,91.74152869370585,72.45176037240334,78.33202566114626,18.2398368812108,2,Critical
82.81919255043539,36.60469786263543,8.6436181274123,2.9268753071789924,37.171921450425636,0,Good
89.20324528976879,38.73209281739441,11.623502392254203,23.60910404752999,32.67161556212918,0,Good
87.11946747589705,44.45154544933821,31.759588654720243,14.917677909440645,34.038664829371314,0,Good
44.013292300876586,91.79391036338063,92.75275053607334,90.16430721264656,10.30507653566436,5,Critical
44.23537304792959,105.18327419806117,96.11735275138021,69.55184845526156,17.671068851076797,3,Critical
95.01459013998695,33.949518469565994,22.10054459130901,2.824557303770937,34.06197915565462,0,Good
21.014805048773958,85.62913462454453,93.95032564672985,74.8773067166746,17.678845926938607,4,Critical
24.83638029279493,101.0244740370131,98.93429961702435,68.15065836510756,18.896603730310602,5,Critical
23.910167991528823,100.29927539157669,78.29325071750188,72.49396407542054,20.9254691804312,4,Critical
76.53761198380425,58.325721681153496,44.73864468506044,50.876973545064075,31.17304540175302,1,Warning
33.925452406927874,84.52402946536041,96.91559022893857,66.75416826710745,18.619868765712496,5,Critical
84.0403133680498,24.605620980950654,35.75958840031482,19.628776569748855,32.91262569933364,0,Good
62.76937913268212,60.382450626745054,42.5039225496815,56.472491052220164,31.21441414176614,2,Warning
86.3933366488109,44.71039973530191,19.414359326395484,3.673016950768231,36.35111328816434,0,Good
59.3673247532002,69.92695392704154,69.39347373563565,49.684020540617425,28.519305795806872,1,Warning
91.19511367276765,33.18499055306691,28.774144894766344,26.707741590534063,32.476439507858174,0,Good
94.62992980680724,24.685298602439556,34.327082126286555,24.571905415849685,35.24476252991327,0,Good
70.59704116007603,52.85875282959371,54.13503696798444,54.64910693131415,29.837060788692856,1,Warning
19.91855726595435,102.77020419485845,96.39465741855086,81.01739650182772,14.153778993369924,5,Critical
96.51956425416164,22.515936963088333,9.594964510237789,4.259159692829817,34.087648469493,0,Good
63.060178388256965,63.72065842408266,59.534427546450225,48.627857024352934,29.409499786438616,1,Warning
73.37968054910993,66.0934331601681,47.61924623716074,30.93346799752073,30.95717894065909,2,Warning
59.42801644751927,62.15817991715244,42.089234444872176,35.24644311527878,31.422949035623144,2,Warning
99.83485234335677,21.816771790250407,3.0831204780584276,10.211402780000247,37.198319085508054,0,Good
84.31059737582663,29.00944549825869,2.740216265079183,22.89465873776668,34.44983805655671,0,Good
95.18497466121686,42.59019610866987,9.31052588405155,24.22188091019854,32.35456334046952,0,Good
97.97694776360495,36.269213688968684,34.96906896553406,0.005651986697456923,33.01448642213595,0,Good
87.79518774852984,29.487572584367964,9.069215316940426,11.448358196016002,32.77309227200153,0,Good
88.25522258532052,40.058858228981606,19.162802524134047,0.5400026683564496,34.52866424947548,0,Good
80.54350032181688,44.15608526766995,5.098158376914759,21.230649789918562,37.83665793735251,0,Good
42.2155230149963,97.97261500504814,95.183827285023,99.2719477304251,20.562856453310005,2,Critical
21.885292720059198,103.17578659435388,78.4456359524479,94.91015358264511,11.91386663700293,3,Critical
82.40494453023351,21.70852338830651,10.532631350128003,1.383706930072015,35.403024679516314,0,Good
85.6765689404704,40.6133702021758,2.9696349195354577,6.790544830244578,36.38147688254087,0,Good
91.97616592766983,21.61228178122919,35.08957828648802,26.317852884785385,33.98244802325464,0,Good
59.871769457137376,69.72570895875435,58.78528514779414,45.93949561704177,31.3526087342077,2,Warning
80.69340533452967,34.57017087708724,39.817500647652395,25.670882815126184,35.12867413426154,0,Good
81.27281818573285,40.78433785964275,23.95914032708842,3.4479899117870048,32.56314370894014,0,Good
76.37917776366118,61.73000657345196,64.87860397950267,56.36936700846802,30.28708940819329,1,Warning
93.88900912261417,22.055176592794542,36.427063177405586,13.932997086766283,32.825142648902094,0,Good
23.291812291804018,76.59298701387048,75.1174573467127,97.92433280685769,17.5691839088414,2,Critical
94.05267546171032,25.935836709370157,20.494551101831625,3.12674408425043,34.307067965868875,0,Good
64.14234499001667,61.30560648863681,68.5159315775861,48.01953199645068,30.97437566470624,1,Warning
85.37917891652943,30.174297740856595,35.65920062494027,0.08763097864086022,32.238595789931416,0,Good
33.558795405777545,106.29520658851388,77.16569981205782,78.78567098722836,17.657910128182913,2,Critical
89.64082116224165,24.902442818459825,24.431202843030732,8.420496465479228,33.24195547063056,0,Good
90.33145256891959,20.13764497901052,0.3065613059690131,6.572064273055734,32.22032817500493,0,Good
53.13274686979005,53.47151623346879,64.07757038739439,47.16145930107902,30.050670903825665,1,Warning
11.731123114663323,81.11288291126938,94.50046526352153,71.3824920705159,23.90951336872021,2,Critical
60.011471141249075,57.68529846794522,66.22667574055527,44.80639741020356,30.809035064126657,1,Warning
63.06731355051089,68.23566736182785,44.956118180135505,41.696170588246325,30.919441235393915,2,Warning
98.1522200511311,37.850816111671406,24.31620856362815,9.281181535883462,36.94274230532777,0,Good
99.10121022969977,40.52995706375566,0.06260420765891617,19.09204110550221,32.3068122886526,0,Good
20.04668159301515,72.38098801391087,88.11386358848164,87.46359653970427,11.946289847120386,3,Critical
96.00709758046813,36.56661282648389,3.6913916829302895,17.88964556581105,35.297501940332864,0,Good
76.10931677415387,55.10599324110523,49.632432912611506,52.49552293309399,29.650701304333587,1,Warning
36.46812831023003,84.4767996335146,87.80982373625615,60.40524736110974,20.813632788962217,3,Critical
53.356390593682455,48.85803913207698,45.155454439812836,49.13631277990902,30.963925001098314,1,Warning
81.3288768871155,33.3491868136941,5.685484951738307,0.35119832192712197,34.53220556076583,0,Good
21.50658759851209,89.44001975190412,87.31599660203652,61.74956289235789,12.091056017103675,2,Critical
18.426003235455802,88.66431138788863,94.50169607675633,62.695382191420904,16.58567395636721,4,Critical
26.767312018215776,96.9186648957773,78.26143522766256,72.25253995112851,23.412747718653485,5,Critical
84.52558216428463,29.605990503434533,18.004934447277286,17.377990614615804,36.556106154515675,0,Good
13.85607108798478,105.58608132070265,70.36929109048226,74.80209338697021,10.46614526953518,5,Critical
36.847795721193336,84.98211548080485,75.00580605096259,77.2211735384883,12.424100449392448,5,Critical
39.7143659851642,107.86577735974186,80.19306481453354,80.68957526857328,16.441474726999843,4,Critical
59.877520830857456,46.79279722119128,52.28886684685696,39.33652485190181,30.708482558940037,1,Warning
90.62170689770485,41.0430840436169,23.208860751401176,16.790653345138196,32.631555111182074,0,Good
16.52702959240649,108.88101025986364,76.85460240264312,99.09808471961472,19.04251601091248,2,Critical
87.684134259716,20.97490031437279,1.2382316367737412,11.639602798406084,32.96014961877916,0,Good
80.46704192656372,38.90534034875442,18.340920355275628,8.677343159179635,37.400499098098884,0,Good
14.529419447820498,108.23675315821276,79.41900152132058,95.53614689234725,20.250028900150845,5,Critical
65.81605251533077,47.205042594746764,58.2063202473079,34.5475287860964,28.123750578925367,2,Warning
59.871226023380665,58.53519018368963,44.624351295354614,46.611344560740335,30.166819249640017,2,Warning
19.62938964003584,103.54196859611312,80.68556941352783,93.07259895185676,22.05323331287954,3,Critical
51.67177988377172,53.561199470867834,48.107430763923496,58.99252157599222,30.230835305000177,1,Warning
54.79201946283549,59.57461065411506,69.99141412467742,34.51564474990241,31.26702772047811,2,Warning
88.03557601308648,44.84620972249245,35.21259048595708,18.702178744783204,35.41626416709369,0,Good
34.20575871315878,78.05248431289733,81.85413229792955,61.57838131563597,18.084282637276054,5,Critical
76.30134145621018,48.309309475874315,57.79043501081793,47.973617551209756,29.41384296218713,1,Warning
97.3993831929537,23.266308595586572,31.6203917709954,3.744624419005449,36.765263975296435,0,Good
57.997259479289355,66.92726452545472,68.32126281476194,34.46387908215347,29.850702420261573,2,Warning
13.653224407530498,100.18484886394367,84.75793300317187,72.09789913157519,18.354109017985465,4,Critical
55.89346964149653,64.04495478444244,51.596215204690836,45.33826386602254,29.969301920004728,2,Warning
38.302942065578016,105.77810227296928,83.6793782727981,77.73823345527617,20.23598875103125,4,Critical
66.63233959221162,68.90117859029833,46.01423546585208,33.277926309288645,31.41584786782169,1,Warning
68.56575103522908,52.46087280904692,47.211471660984515,39.35697240012841,29.024190260419818,1,Warning
64.80254218112273,60.664812777330255,67.7914782019026,30.57348283289292,29.90737387327127,1,Warning
50.88593425570802,66.8012084611752,55.816785425194006,48.97632329897483,30.577881108484135,2,Warning
73.32867902270564,51.96899681036383,46.32114891601609,58.72344057114289,28.035453140453875,1,Warning
17.82538967874669,109.78594566239991,72.69436462848321,60.09270191619255,10.750752915023131,5,Critical
74.19019331301959,63.51190329883798,44.28550861902516,52.60283766770907,31.075691128430563,2,Warning
73.4663119630319,67.11060688754942,61.00102818316313,33.13212389244244,29.59640075229489,2,Warning
13.028324052192598,86.30172124129723,82.21319467376883,62.640393765609666,15.929949077481147,4,Critical
92.64179659012484,34.42601661154777,27.91025104293718,0.1826624471951721,32.60564719986513,0,Good
75.19938331609521,62.04371610225403,43.38794928058034,55.26223312195738,28.968924871298267,2,Warning
81.00452022927948,21.822545884197588,16.114931305305483,8.858714821438298,33.39430593833629,0,Good
20.95917545743983,102.13930973187539,97.87684160895562,76.20410778110266,25.40388703625245,2,Critical
32.7470422057885,103.68922985375792,86.46941348324926,68.77095847695503,10.572376029635837,4,Critical
60.376608439292916,61.19543614976321,43.68762035396163,56.65977240796196,30.012335803119345,2,Warning
27.703927076225924,102.85727966570373,86.63972044105287,85.48363348323619,18.946733825749448,3,Critical
94.2790526501318,40.56336985960492,32.15834030210081,16.575029022236674,35.121019353864504,0,Good
54.14340287884294,64.38365376007839,48.142281413401435,44.900862684538396,29.137096371710065,2,Warning
73.8895646129338,63.043038817929485,48.14641142233727,42.07339912301007,28.410993009809694,1,Warning
64.82274503787967,46.17129771319008,48.28508673462699,51.20929462367148,28.250758486487463,2,Warning
28.21175199858082,83.61482985223051,98.21345517208518,63.30861846097414,25.825085325033744,2,Critical
87.20467837600856,26.75983215961314,33.708476086422195,9.400437527554294,36.733594830656045,0,Good
97.8374428962147,30.84543548941324,36.39772575417568,11.319541618895785,37.78447049894065,0,Good
52.58939621124161,62.17548166258106,54.81442121370786,41.62946416366941,30.530847514994402,2,Warning
93.51695492928673,23.477896222277188,10.169255349947823,26.265336796578485,33.0968434199414,0,Good
58.074742839262605,48.24001627988605,60.283246942432335,58.31946916089629,29.075872126381544,2,Warning
72.67289203700312,61.1037305368979,41.44558037179889,40.80151397702935,31.827199261937146,2,Warning
97.3164033044471,31.899193275291395,4.439100983405924,19.03272435859751,36.62468370958328,0,Good
10.11236881495897,104.35826741682519,75.58069000016997,82.08277458613512,17.068557511686652,3,Critical
84.23988109397317,36.43383705425322,18.89127216651927,26.404702137644552,33.29444407505873,0,Good
69.65658280899129,60.19380305631806,48.85904432715498,34.09802710953518,30.606559041909108,2,Warning
94.74193100864102,44.364795283383245,2.0879451617988654,20.465816418798315,34.80892484780618,0,Good
91.58350510749445,22.13353341210812,1.7202780746775792,20.005999816527652,36.93985657892431,0,Good
95.64030669865934,33.59514319665593,3.994672845447127,20.641333315080416,33.45133330132487,0,Good
76.42099238025412,65.95663398864262,61.281489012621726,58.465378674933916,28.125687286045093,1,Warning
88.08579494509738,33.27344196030235,23.80526699622726,0.2977146338350689,34.784570956721026,0,Good
99.26998481775176,32.975807003238714,27.101690698358126,9.355915737506496,36.643948268916574,0,Good
40.14393779316849,90.85184190616556,99.2804146983764,65.02200859050613,10.288110303122878,4,Critical
61.09482938354843,54.193341270127746,45.45217572128389,43.065228764165724,29.328397461572546,1,Warning
95.46283747837343,32.949013192814476,13.923823726731523,11.152178847189909,32.00812175429281,0,Good
85.99601055130472,36.16146854094826,38.967777752654285,25.411824809516986,32.14156978787317,0,Good
76.05825753557033,64.57996033246565,63.411283707129414,43.73987277010714,29.59202117181801,2,Warning
76.08420116383695,62.75338579495164,68.12135314492963,48.09875417144829,29.89360352597965,2,Warning
28.47858330751992,72.31377797788642,98.73369402964612,97.70897276376449,23.348222233522943,5,Critical
35.38733606960483,95.78364698969375,86.83880628845208,91.07712041308902,13.48468056195588,3,Critical
17.63749028123653,75.63211795570705,88.6724092469799,91.2528742298922,19.83107279014613,4,Critical
48.284479630245464,91.09060723661025,97.1926289174331,66.55524095121929,20.927921551602964,2,Critical
23.462496131274207,106.69943372527962,78.71513517014262,78.79953072631747,25.13239933573225,2,Critical
36.90998975504879,97.60386232951373,97.91820414539612,79.8924978467589,13.91426565207875,5,Critical
82.68549701804551,43.94835302641926,21.186388957824796,7.256798823386675,35.00362142692825,0,Good
36.50519297666921,73.04956871894258,78.24111445143676,92.27861963535975,17.81430279684524,3,Critical
55.22893012726057,56.464948587845996,56.82623390087853,55.918847422050305,29.92533350614266,1,Warning
51.44939183113068,66.0912416012956,69.43577587492348,53.79428621990218,31.41513968681867,2,Warning
35.70543681431153,74.35573255924156,89.09615940260063,79.92944001997091,16.913459189975914,4,Critical
48.26460553988105,92.78159118268414,77.78625349528271,77.47983542662483,20.09053590143936,4,Critical
56.20475412195887,45.32573919392709,40.42570148187301,54.881748808755376,30.928490427371823,1,Warning
77.3673461917864,69.00339011013618,55.64378916164416,59.31923723974511,31.029240828537755,1,Warning
43.31465434729385,100.92356166789864,79.29999811515368,69.28159315604424,17.789989056678174,2,Critical
16.34529000853407,92.60341249811026,93.14880732935823,79.95582658143768,10.205752985193826,3,Critical
72.74820488209912,54.424638548157006,56.55970906362163,54.142593659690846,28.184226936759824,2,Warning
59.32842970012691,66.2010522400371,61.8658432680984,32.86197831939632,29.714808083945734,1,Warning
61.680167555405305,67.36606993944086,40.01328344311624,57.041492899258046,28.61522809856643,1,Warning
45.86170996158594,109.73020061691855,71.34733896986847,90.44031693981569,16.319309128839834,5,Critical
52.630929364813,45.815448708539165,41.73108785247697,43.33096047724543,29.102191756877932,1,Warning
40.71441434849239,80.04005533049201,86.92222086500553,74.34313846099492,21.162728253033894,3,Critical
45.187219735027284,105.0942244882104,99.23116716037772,61.10076740561661,24.27687475647403,2,Critical
11.51826856970103,71.44075273165706,75.25665316317482,94.67081418024,14.802138647609453,2,Critical
62.510038814448166,62.978997423614224,56.899739260991396,42.825054939843355,29.305353723727947,1,Warning
85.64992131945705,28.826259790007562,35.76377210133003,28.393695394512164,37.35534936491885,0,Good
62.16399182476209,64.50913757517205,54.29007199903296,44.926195564383065,28.818720436229135,1,Warning
19.957053983653335,81.82778696166417,87.81407442428846,61.31238496514434,20.81272196925946,4,Critical
12.691296111899836,107.63138082012432,85.20761313885504,76.37648287268073,23.784935877134615,5,Critical
11.858009040023758,99.06996896672787,93.21718665311995,74.10410423715433,24.021393556722373,3,Critical
44.15944025716522,91.56378210944035,78.47417279110012,77.00912741750776,10.638708536781426,3,Critical
31.321320301713964,91.28086715937008,87.7129326946808,62.453238225731305,16.15699633157838,2,Critical
78.21926672619765,50.6531332812418,49.125961589088426,39.118275367650824,28.9216666484694,1,Warning
51.505127364031964,49.77796773740007,49.30253615028265,51.95174209692639,30.562542371210345,1,Warning
96.9685075818105,30.56572992534023,12.11723622561717,9.758854020690933,36.27572799859108,0,Good
41.85439919371981,77.26455871026411,81.12823024473296,96.077607869966,23.71378983481057,4,Critical
56.39416460598409,64.06207211188882,56.274130103879685,34.488043485808575,29.522758724643463,1,Warning
65.79041181401209,62.73302071181524,45.01963912003181,53.41895152276672,30.335091122056447,1,Warning
68.22458737515097,57.04668698186541,50.851307645787415,58.47625880611537,30.52863799674583,1,Warning
72.011153193136,47.56289910166186,55.41563392620303,45.26671666773168,29.477123080862164,1,Warning
27.503732184117634,76.36100014961045,75.40587262384443,63.92939968756322,23.659807843393885,4,Critical
37.08922166287813,99.15924246623266,95.85072711362037,70.96286357368764,23.720205365733953,2,Critical
15.544647421451927,78.53573391902758,89.95438582715217,66.29305120007314,12.020864650010225,2,Critical
38.35521370300022,92.48291177610284,98.41272001325558,79.85035011529446,16.468801067788206,4,Critical
90.13345297965492,29.6809317794524,36.26288842688651,0.4818559494301844,36.69302757854748,0,Good
82.48765662482649,39.938684013429985,24.63647662706885,25.29834272809207,32.585085953845386,0,Good
31.800244729891187,90.04351521048788,91.18579548890077,81.37162207574704,19.192487641262773,2,Critical
29.687028333876597,98.738157892902,95.87921413447538,67.1702244763116,23.600059189982584,4,Critical
77.62154638394756,50.66818455824908,66.38023060529585,54.26369953690615,30.708609649830695,2,Warning
58.41132042691067,66.78535085477137,60.18108982626694,53.90044191574117,29.001871595169995,2,Warning
46.476586843267775,104.02721042419385,99.45717094229617,85.11973530416392,14.207671243387004,5,Critical
81.03671598239458,33.721466626933896,11.505309161747128,9.203297985664236,34.11775102071414,0,Good
68.01748102243869,53.35124914171923,61.98097151770841,42.13582156721609,28.273412801239836,1,Warning
23.878335611109243,73.35678143285718,80.00387780788031,87.10163782014136,11.225888579800397,3,Critical
87.47842094025627,43.611214567357585,25.669375891942327,20.14437446001621,35.79369292182584,0,Good
83.97984277918873,30.458346602557004,30.03759193453273,3.0411869265947744,33.667116656538276,0,Good
58.013254145509755,55.80047318986265,69.41106222826555,32.025076400514656,30.07480397752238,1,Warning
82.06242724816151,33.694617359582985,39.15830028164416,16.664862723175805,33.138891817832935,0,Good
32.705145973610996,78.17762295798187,85.59112788683453,62.96168871649392,20.293205376644877,3,Critical
89.6607939511778,26.713343901690184,11.498466595890005,19.702681904236712,37.81122399019935,0,Good
33.54185082181563,73.07917868259865,72.267508415622,98.05692883382264,15.05394343522467,3,Critical
70.17812685200789,56.450555291706465,42.76285759698707,46.60137048380122,30.56652763530942,2,Warning
99.30030738908944,26.272326142277564,27.0410515221019,21.19889609636129,35.660044502476914,0,Good
22.20338837433228,80.84385015056263,87.93004848108109,94.64382534446766,26.094473391697726,3,Critical
88.98169490021894,35.306453769046115,8.523400347392327,28.171712879015615,32.040092775343325,0,Good
72.39672943979494,60.63011923826106,51.20664403143046,31.51466833237224,30.50994628713712,1,Warning
32.734116215366264,80.12406156718436,83.5076273842867,98.30324060335269,16.78360039992139,2,Critical
67.90022160461305,63.48520574578279,46.440035919176104,49.949835487133214,29.992161572227477,1,Warning
88.6716558526523,22.31563707628418,29.935373987049253,27.43645991545677,34.60412583625255,0,Good
57.50263762250779,55.86008297516524,61.70343453550003,30.27162484741113,30.35781595793879,1,Warning
65.85940301040529,61.766888134558144,61.026029075842956,36.12073997215736,30.615976369359206,1,Warning
75.44663135297998,63.46807876816416,40.41236662034036,37.451287811094005,28.85762593197266,1,Warning
81.54290337079163,42.77920712950198,14.194433229845913,12.743145912751586,33.29206628829532,0,Good
67.31577733541488,59.87008036694474,51.16601175475658,39.99104615416195,31.53985723272235,1,Warning
42.09636839662893,107.30842032531045,86.32761898341093,68.01128071470504,20.4853213334932,2,Critical
85.06714340119322,44.691489808531294,11.659829636948915,23.12227592716655,34.56497390214056,0,Good
84.1243481016828,39.99296909912153,13.344271561161726,25.95580042193433,37.491543109506935,0,Good
74.934891226347,45.87519787017014,63.62120035015317,42.34018399497432,31.4948916807289,1,Warning
70.45836407822111,55.69003334258343,53.27636544444237,49.47966973730645,31.745122485875708,2,Warning
26.356194855011893,90.0032047308633,93.55293142287123,83.95381600317756,13.418678366525347,3,Critical
29.602618462575087,72.24704309389756,84.73287188149496,97.08442515433708,11.791684707832689,4,Critical
37.80544030649342,70.4596989319246,82.26331783687397,96.96107481702931,11.901970481335105,2,Critical
52.044266423651194,49.64116762253108,59.92658154966905,56.45071835530524,31.256502742364646,2,Warning
88.92402441955088,40.14611331544583,0.31857618981804503,27.736831661304148,34.65983905710305,0,Good
91.06760375731496,26.372056222872057,29.701233313616857,2.2990741942574644,37.23581481528101,0,Good
42.296556331247366,78.64240464979065,94.27973194855787,91.45430932245927,20.74768216181713,2,Critical
90.11268306843918,43.52802031334184,35.05277732569246,3.077038877507694,34.3563844596285,0,Good
